file,line,type,commit,author,date,time,timezone,datetime,depth,length
style.css,1,css,a1d0ff98,srangan29,2025-04-02,20:53:19,-07:00,2025-04-02T20:53:19-07:00,0,5
style.css,2,css,a1d0ff98,srangan29,2025-04-02,20:53:19,-07:00,2025-04-02T20:53:19-07:00,0,44
style.css,3,css,a1d0ff98,srangan29,2025-04-02,20:53:19,-07:00,2025-04-02T20:53:19-07:00,0,43
style.css,4,css,a1d0ff98,srangan29,2025-04-02,20:53:19,-07:00,2025-04-02T20:53:19-07:00,0,1
style.css,5,css,a1d0ff98,srangan29,2025-04-02,20:53:19,-07:00,2025-04-02T20:53:19-07:00,0,24
style.css,6,css,42c67eb8,srangan29,2025-04-06,17:11:06,-07:00,2025-04-06T17:11:06-07:00,0,16
style.css,7,css,42c67eb8,srangan29,2025-04-06,17:11:06,-07:00,2025-04-06T17:11:06-07:00,0,19
style.css,8,css,42c67eb8,srangan29,2025-04-06,17:11:06,-07:00,2025-04-06T17:11:06-07:00,0,12
style.css,9,css,fae4540d,srangan29,2025-04-06,18:59:12,-07:00,2025-04-06T18:59:12-07:00,0,33
style.css,10,css,04065cec,srangan29,2025-04-06,17:44:57,-07:00,2025-04-06T17:44:57-07:00,0,0
style.css,11,css,04065cec,srangan29,2025-04-06,17:44:57,-07:00,2025-04-06T17:44:57-07:00,0,4
style.css,12,css,04065cec,srangan29,2025-04-06,17:44:57,-07:00,2025-04-06T17:44:57-07:00,0,13
style.css,13,css,04065cec,srangan29,2025-04-06,17:44:57,-07:00,2025-04-06T17:44:57-07:00,0,19
style.css,14,css,04065cec,srangan29,2025-04-06,17:44:57,-07:00,2025-04-06T17:44:57-07:00,0,24
style.css,15,css,04065cec,srangan29,2025-04-06,17:44:57,-07:00,2025-04-06T17:44:57-07:00,0,26
style.css,16,css,c08a7125,srangan29,2025-04-12,22:21:21,-07:00,2025-04-12T22:21:21-07:00,0,40
style.css,17,css,271bb0d7,srangan29,2025-04-12,21:54:10,-07:00,2025-04-12T21:54:10-07:00,0,63
style.css,18,css,90b261f3,srangan29,2025-04-11,18:45:49,-07:00,2025-04-11T18:45:49-07:00,0,0
style.css,19,css,04065cec,srangan29,2025-04-06,17:44:57,-07:00,2025-04-06T17:44:57-07:00,0,0
style.css,20,css,90b261f3,srangan29,2025-04-11,18:45:49,-07:00,2025-04-11T18:45:49-07:00,0,2
style.css,21,css,04065cec,srangan29,2025-04-06,17:44:57,-07:00,2025-04-06T17:44:57-07:00,0,7
style.css,22,css,04065cec,srangan29,2025-04-06,17:44:57,-07:00,2025-04-06T17:44:57-07:00,0,21
style.css,23,css,04065cec,srangan29,2025-04-06,17:44:57,-07:00,2025-04-06T17:44:57-07:00,0,14
style.css,24,css,04065cec,srangan29,2025-04-06,17:44:57,-07:00,2025-04-06T17:44:57-07:00,0,18
style.css,25,css,04065cec,srangan29,2025-04-06,17:44:57,-07:00,2025-04-06T17:44:57-07:00,0,14
style.css,26,css,ba8b6e79,srangan29,2025-04-11,18:38:50,-07:00,2025-04-11T18:38:50-07:00,0,0
style.css,27,css,04065cec,srangan29,2025-04-06,17:44:57,-07:00,2025-04-06T17:44:57-07:00,0,0
style.css,28,css,ba8b6e79,srangan29,2025-04-11,18:38:50,-07:00,2025-04-11T18:38:50-07:00,0,10
style.css,29,css,fae4540d,srangan29,2025-04-06,18:59:12,-07:00,2025-04-06T18:59:12-07:00,0,41
style.css,30,css,271bb0d7,srangan29,2025-04-12,21:54:10,-07:00,2025-04-12T21:54:10-07:00,0,63
style.css,31,css,fae4540d,srangan29,2025-04-06,18:59:12,-07:00,2025-04-06T18:59:12-07:00,0,26
style.css,32,css,fae4540d,srangan29,2025-04-06,18:59:12,-07:00,2025-04-06T18:59:12-07:00,0,26
style.css,33,css,90b261f3,srangan29,2025-04-11,18:45:49,-07:00,2025-04-11T18:45:49-07:00,0,25
style.css,34,css,fae4540d,srangan29,2025-04-06,18:59:12,-07:00,2025-04-06T18:59:12-07:00,0,0
style.css,35,css,fae4540d,srangan29,2025-04-06,18:59:12,-07:00,2025-04-06T18:59:12-07:00,0,0
style.css,36,css,fae4540d,srangan29,2025-04-06,18:59:12,-07:00,2025-04-06T18:59:12-07:00,0,6
style.css,37,css,fae4540d,srangan29,2025-04-06,18:59:12,-07:00,2025-04-06T18:59:12-07:00,0,25
style.css,38,css,c1f1d285,srangan29,2025-04-13,12:57:00,-07:00,2025-04-13T12:57:00-07:00,0,24
style.css,39,css,fae4540d,srangan29,2025-04-06,18:59:12,-07:00,2025-04-06T18:59:12-07:00,0,0
style.css,40,css,fae4540d,srangan29,2025-04-06,18:59:12,-07:00,2025-04-06T18:59:12-07:00,0,0
style.css,41,css,fae4540d,srangan29,2025-04-06,18:59:12,-07:00,2025-04-06T18:59:12-07:00,0,8
style.css,42,css,fae4540d,srangan29,2025-04-06,18:59:12,-07:00,2025-04-06T18:59:12-07:00,0,18
style.css,43,css,fae4540d,srangan29,2025-04-06,18:59:12,-07:00,2025-04-06T18:59:12-07:00,0,46
style.css,44,css,a7ccfb73,srangan29,2025-04-12,22:01:04,-07:00,2025-04-12T22:01:04-07:00,0,116
style.css,45,css,fdb28872,srangan29,2025-04-06,19:30:53,-07:00,2025-04-06T19:30:53-07:00,0,0
style.css,46,css,fdb28872,srangan29,2025-04-06,19:30:53,-07:00,2025-04-06T19:30:53-07:00,0,0
style.css,47,css,6365129c,srangan29,2025-04-13,12:08:30,-07:00,2025-04-13T12:08:30-07:00,0,32
style.css,48,css,cb5ba2ee,srangan29,2025-04-06,22:06:19,-07:00,2025-04-06T22:06:19-07:00,0,13
style.css,49,css,cb5ba2ee,srangan29,2025-04-06,22:06:19,-07:00,2025-04-06T22:06:19-07:00,0,0
style.css,50,css,cb5ba2ee,srangan29,2025-04-06,22:06:19,-07:00,2025-04-06T22:06:19-07:00,0,0
style.css,51,css,a6143241,srangan29,2025-04-06,20:13:46,-07:00,2025-04-06T20:13:46-07:00,0,5
style.css,52,css,a6143241,srangan29,2025-04-06,20:13:46,-07:00,2025-04-06T20:13:46-07:00,0,13
style.css,53,css,10edc941,srangan29,2025-04-06,21:27:54,-07:00,2025-04-06T21:27:54-07:00,0,31
style.css,54,css,a6143241,srangan29,2025-04-06,20:13:46,-07:00,2025-04-06T20:13:46-07:00,0,8
style.css,55,css,a6143241,srangan29,2025-04-06,20:13:46,-07:00,2025-04-06T20:13:46-07:00,0,0
style.css,56,css,a6143241,srangan29,2025-04-06,20:13:46,-07:00,2025-04-06T20:13:46-07:00,0,0
style.css,57,css,bd6c4812,srangan29,2025-04-06,22:17:54,-07:00,2025-04-06T22:17:54-07:00,0,5
style.css,58,css,a6143241,srangan29,2025-04-06,20:13:46,-07:00,2025-04-06T20:13:46-07:00,0,13
style.css,59,css,10edc941,srangan29,2025-04-06,21:27:54,-07:00,2025-04-06T21:27:54-07:00,0,30
style.css,60,css,10edc941,srangan29,2025-04-06,21:27:54,-07:00,2025-04-06T21:27:54-07:00,0,19
style.css,61,css,b4ac922f,srangan29,2025-04-06,21:05:16,-07:00,2025-04-06T21:05:16-07:00,0,0
style.css,62,css,cb5ba2ee,srangan29,2025-04-06,22:06:19,-07:00,2025-04-06T22:06:19-07:00,0,0
style.css,63,css,cb5ba2ee,srangan29,2025-04-06,22:06:19,-07:00,2025-04-06T22:06:19-07:00,0,7
style.css,64,css,bd6c4812,srangan29,2025-04-06,22:17:54,-07:00,2025-04-06T22:17:54-07:00,0,13
style.css,65,css,bd6c4812,srangan29,2025-04-06,22:17:54,-07:00,2025-04-06T22:17:54-07:00,0,19
style.css,66,css,cb5ba2ee,srangan29,2025-04-06,22:06:19,-07:00,2025-04-06T22:06:19-07:00,0,0
style.css,67,css,10edc941,srangan29,2025-04-06,21:27:54,-07:00,2025-04-06T21:27:54-07:00,0,0
style.css,68,css,b4ac922f,srangan29,2025-04-06,21:05:16,-07:00,2025-04-06T21:05:16-07:00,0,10
style.css,69,css,b4ac922f,srangan29,2025-04-06,21:05:16,-07:00,2025-04-06T21:05:16-07:00,0,13
style.css,70,css,b4ac922f,srangan29,2025-04-06,21:05:16,-07:00,2025-04-06T21:05:16-07:00,0,59
style.css,71,css,b4ac922f,srangan29,2025-04-06,21:05:16,-07:00,2025-04-06T21:05:16-07:00,0,128
style.css,72,css,b4ac922f,srangan29,2025-04-06,21:05:16,-07:00,2025-04-06T21:05:16-07:00,0,0
style.css,73,css,b4ac922f,srangan29,2025-04-06,21:05:16,-07:00,2025-04-06T21:05:16-07:00,0,8
style.css,74,css,b4ac922f,srangan29,2025-04-06,21:05:16,-07:00,2025-04-06T21:05:16-07:00,0,13
style.css,75,css,b4ac922f,srangan29,2025-04-06,21:05:16,-07:00,2025-04-06T21:05:16-07:00,0,27
style.css,76,css,b4ac922f,srangan29,2025-04-06,21:05:16,-07:00,2025-04-06T21:05:16-07:00,0,16
style.css,77,css,b4ac922f,srangan29,2025-04-06,21:05:16,-07:00,2025-04-06T21:05:16-07:00,0,3
style.css,78,css,b4ac922f,srangan29,2025-04-06,21:05:16,-07:00,2025-04-06T21:05:16-07:00,0,9
style.css,79,css,b4ac922f,srangan29,2025-04-06,21:05:16,-07:00,2025-04-06T21:05:16-07:00,0,0
style.css,80,css,b4ac922f,srangan29,2025-04-06,21:05:16,-07:00,2025-04-06T21:05:16-07:00,0,8
style.css,81,css,8feb6ba6,srangan29,2025-04-07,15:06:05,-07:00,2025-04-07T15:06:05-07:00,0,12
style.css,82,css,1be71948,srangan29,2025-04-06,22:50:31,-07:00,2025-04-06T22:50:31-07:00,0,0
style.css,83,css,b4ac922f,srangan29,2025-04-06,21:05:16,-07:00,2025-04-06T21:05:16-07:00,0,0
style.css,84,css,b4ac922f,srangan29,2025-04-06,21:05:16,-07:00,2025-04-06T21:05:16-07:00,0,0
style.css,85,css,c3c90f63,srangan29,2025-04-06,22:20:59,-07:00,2025-04-06T22:20:59-07:00,0,3
style.css,86,css,c3c90f63,srangan29,2025-04-06,22:20:59,-07:00,2025-04-06T22:20:59-07:00,0,14
style.css,87,css,b4ac922f,srangan29,2025-04-06,21:05:16,-07:00,2025-04-06T21:05:16-07:00,0,0
style.css,88,css,506c009b,srangan29,2025-04-11,13:13:06,-07:00,2025-04-11T13:13:06-07:00,0,23
style.css,89,css,b4ac922f,srangan29,2025-04-06,21:05:16,-07:00,2025-04-06T21:05:16-07:00,0,16
style.css,90,css,b4ac922f,srangan29,2025-04-06,21:05:16,-07:00,2025-04-06T21:05:16-07:00,0,18
style.css,91,css,c3c90f63,srangan29,2025-04-06,22:20:59,-07:00,2025-04-06T22:20:59-07:00,0,0
style.css,92,css,8feb6ba6,srangan29,2025-04-07,15:06:05,-07:00,2025-04-07T15:06:05-07:00,0,0
style.css,93,css,7315ca86,srangan29,2025-04-11,12:28:40,-07:00,2025-04-11T12:28:40-07:00,0,23
style.css,94,css,8feb6ba6,srangan29,2025-04-07,15:06:05,-07:00,2025-04-07T15:06:05-07:00,0,8
style.css,95,css,506c009b,srangan29,2025-04-11,13:13:06,-07:00,2025-04-11T13:13:06-07:00,0,41
style.css,96,css,98b7272d,srangan29,2025-04-11,13:39:58,-07:00,2025-04-11T13:39:58-07:00,0,23
style.css,97,css,98b7272d,srangan29,2025-04-11,13:39:58,-07:00,2025-04-11T13:39:58-07:00,0,16
style.css,98,css,98b7272d,srangan29,2025-04-11,13:39:58,-07:00,2025-04-11T13:39:58-07:00,0,0
style.css,99,css,98b7272d,srangan29,2025-04-11,13:39:58,-07:00,2025-04-11T13:39:58-07:00,0,6
style.css,100,css,98b7272d,srangan29,2025-04-11,13:39:58,-07:00,2025-04-11T13:39:58-07:00,0,9
style.css,101,css,98b7272d,srangan29,2025-04-11,13:39:58,-07:00,2025-04-11T13:39:58-07:00,0,0
style.css,102,css,bb609ba7,srangan29,2025-04-11,16:36:05,-07:00,2025-04-11T16:36:05-07:00,0,7
style.css,103,css,bb609ba7,srangan29,2025-04-11,16:36:05,-07:00,2025-04-11T16:36:05-07:00,0,18
style.css,104,css,bb609ba7,srangan29,2025-04-11,16:36:05,-07:00,2025-04-11T16:36:05-07:00,0,0
style.css,105,css,ccf9df22,srangan29,2025-04-11,16:45:05,-07:00,2025-04-11T16:45:05-07:00,0,3
style.css,106,css,ccf9df22,srangan29,2025-04-11,16:45:05,-07:00,2025-04-11T16:45:05-07:00,0,16
style.css,107,css,ccf9df22,srangan29,2025-04-11,16:45:05,-07:00,2025-04-11T16:45:05-07:00,0,0
style.css,108,css,ccf9df22,srangan29,2025-04-11,16:45:05,-07:00,2025-04-11T16:45:05-07:00,0,14
style.css,109,css,ccf9df22,srangan29,2025-04-11,16:45:05,-07:00,2025-04-11T16:45:05-07:00,0,18
style.css,110,css,ccf9df22,srangan29,2025-04-11,16:45:05,-07:00,2025-04-11T16:45:05-07:00,0,17
style.css,111,css,ccf9df22,srangan29,2025-04-11,16:45:05,-07:00,2025-04-11T16:45:05-07:00,0,0
style.css,112,css,79b517b8,srangan29,2025-04-11,19:14:01,-07:00,2025-04-11T19:14:01-07:00,0,7
style.css,113,css,d3c950d0,srangan29,2025-04-11,19:36:51,-07:00,2025-04-11T19:36:51-07:00,0,19
style.css,114,css,79b517b8,srangan29,2025-04-11,19:14:01,-07:00,2025-04-11T19:14:01-07:00,0,12
style.css,115,css,79b517b8,srangan29,2025-04-11,19:14:01,-07:00,2025-04-11T19:14:01-07:00,0,0
style.css,116,css,79b517b8,srangan29,2025-04-11,19:14:01,-07:00,2025-04-11T19:14:01-07:00,0,13
style.css,117,css,d3c950d0,srangan29,2025-04-11,19:36:51,-07:00,2025-04-11T19:36:51-07:00,0,25
style.css,118,css,e555dc43,srangan29,2025-04-11,20:13:41,-07:00,2025-04-11T20:13:41-07:00,0,11
style.css,119,css,e555dc43,srangan29,2025-04-11,20:13:41,-07:00,2025-04-11T20:13:41-07:00,0,26
style.css,120,css,79b517b8,srangan29,2025-04-11,19:14:01,-07:00,2025-04-11T19:14:01-07:00,0,0
style.css,121,css,70fd60d6,srangan29,2025-04-09,19:24:55,-07:00,2025-04-09T19:24:55-07:00,0,0
style.css,122,css,ccf9df22,srangan29,2025-04-11,16:45:05,-07:00,2025-04-11T16:45:05-07:00,0,0
style.css,123,css,70fd60d6,srangan29,2025-04-09,19:24:55,-07:00,2025-04-09T19:24:55-07:00,0,15
style.css,124,css,bb609ba7,srangan29,2025-04-11,16:36:05,-07:00,2025-04-11T16:36:05-07:00,0,21
style.css,125,css,bb609ba7,srangan29,2025-04-11,16:36:05,-07:00,2025-04-11T16:36:05-07:00,0,13
style.css,126,css,bb609ba7,srangan29,2025-04-11,16:36:05,-07:00,2025-04-11T16:36:05-07:00,0,21
style.css,127,css,70fd60d6,srangan29,2025-04-09,19:24:55,-07:00,2025-04-09T19:24:55-07:00,0,10
style.css,128,css,bb609ba7,srangan29,2025-04-11,16:36:05,-07:00,2025-04-11T16:36:05-07:00,0,11
style.css,129,css,bb609ba7,srangan29,2025-04-11,16:36:05,-07:00,2025-04-11T16:36:05-07:00,0,24
style.css,130,css,bb609ba7,srangan29,2025-04-11,16:36:05,-07:00,2025-04-11T16:36:05-07:00,0,12
style.css,131,css,b61e13d3,srangan29,2025-04-11,14:04:35,-07:00,2025-04-11T14:04:35-07:00,0,0
style.css,132,css,b61e13d3,srangan29,2025-04-11,14:04:35,-07:00,2025-04-11T14:04:35-07:00,0,0
style.css,133,css,b61e13d3,srangan29,2025-04-11,14:04:35,-07:00,2025-04-11T14:04:35-07:00,0,13
style.css,134,css,593a93e7,srangan29,2025-04-11,14:17:43,-07:00,2025-04-11T14:17:43-07:00,0,26
style.css,135,css,593a93e7,srangan29,2025-04-11,14:17:43,-07:00,2025-04-11T14:17:43-07:00,0,0
style.css,136,css,593a93e7,srangan29,2025-04-11,14:17:43,-07:00,2025-04-11T14:17:43-07:00,0,11
style.css,137,css,593a93e7,srangan29,2025-04-11,14:17:43,-07:00,2025-04-11T14:17:43-07:00,0,18
style.css,138,css,48eb772b,srangan29,2025-04-11,14:55:39,-07:00,2025-04-11T14:55:39-07:00,0,17
style.css,139,css,593a93e7,srangan29,2025-04-11,14:17:43,-07:00,2025-04-11T14:17:43-07:00,0,0
style.css,140,css,6365129c,srangan29,2025-04-13,12:08:30,-07:00,2025-04-13T12:08:30-07:00,0,0
style.css,141,css,6365129c,srangan29,2025-04-13,12:08:30,-07:00,2025-04-13T12:08:30-07:00,0,19
style.css,142,css,6365129c,srangan29,2025-04-13,12:08:30,-07:00,2025-04-13T12:08:30-07:00,0,18
style.css,143,css,6365129c,srangan29,2025-04-13,12:08:30,-07:00,2025-04-13T12:08:30-07:00,0,9
style.css,144,css,6365129c,srangan29,2025-04-13,12:08:30,-07:00,2025-04-13T12:08:30-07:00,0,11
style.css,145,css,6365129c,srangan29,2025-04-13,12:08:30,-07:00,2025-04-13T12:08:30-07:00,0,14
style.css,146,css,6365129c,srangan29,2025-04-13,12:08:30,-07:00,2025-04-13T12:08:30-07:00,0,20
style.css,147,css,a402badc,srangan29,2025-04-25,15:38:42,-07:00,2025-04-25T15:38:42-07:00,0,0
style.css,148,css,a402badc,srangan29,2025-04-25,15:38:42,-07:00,2025-04-25T15:38:42-07:00,0,0
style.css,149,css,8f7da6f3,srangan29,2025-04-25,17:36:44,-07:00,2025-04-25T17:36:44-07:00,0,0
style.css,150,css,8f7da6f3,srangan29,2025-04-25,17:36:44,-07:00,2025-04-25T17:36:44-07:00,0,0
style.css,151,css,8f7da6f3,srangan29,2025-04-25,17:36:44,-07:00,2025-04-25T17:36:44-07:00,0,17
style.css,152,css,8f7da6f3,srangan29,2025-04-25,17:36:44,-07:00,2025-04-25T17:36:44-07:00,0,7
style.css,153,css,a402badc,srangan29,2025-04-25,15:38:42,-07:00,2025-04-25T15:38:42-07:00,0,16
style.css,154,css,a402badc,srangan29,2025-04-25,15:38:42,-07:00,2025-04-25T15:38:42-07:00,0,0
style.css,155,css,8f7da6f3,srangan29,2025-04-25,17:36:44,-07:00,2025-04-25T17:36:44-07:00,0,0
style.css,156,css,a402badc,srangan29,2025-04-25,15:38:42,-07:00,2025-04-25T15:38:42-07:00,0,0
style.css,157,css,d5875424,srangan29,2025-04-25,18:44:02,-07:00,2025-04-25T18:44:02-07:00,0,15
style.css,158,css,d5875424,srangan29,2025-04-25,18:44:02,-07:00,2025-04-25T18:44:02-07:00,0,3
style.css,159,css,8f7da6f3,srangan29,2025-04-25,17:36:44,-07:00,2025-04-25T17:36:44-07:00,0,13
style.css,160,css,8f7da6f3,srangan29,2025-04-25,17:36:44,-07:00,2025-04-25T17:36:44-07:00,0,59
style.css,161,css,658dec7b,srangan29,2025-04-25,18:55:33,-07:00,2025-04-25T18:55:33-07:00,0,23
style.css,162,css,b8f04690,srangan29,2025-04-25,19:15:28,-07:00,2025-04-25T19:15:28-07:00,0,19
style.css,163,css,b8f04690,srangan29,2025-04-25,19:15:28,-07:00,2025-04-25T19:15:28-07:00,0,20
style.css,164,css,44a411b8,srangan29,2025-04-25,19:20:00,-07:00,2025-04-25T19:20:00-07:00,0,37
style.css,165,css,9e594f4e,srangan29,2025-04-25,18:28:49,-07:00,2025-04-25T18:28:49-07:00,0,0
style.css,166,css,d5875424,srangan29,2025-04-25,18:44:02,-07:00,2025-04-25T18:44:02-07:00,0,3
style.css,167,css,25b0ac82,srangan29,2025-04-25,17:49:17,-07:00,2025-04-25T17:49:17-07:00,0,11
style.css,168,css,25b0ac82,srangan29,2025-04-25,17:49:17,-07:00,2025-04-25T17:49:17-07:00,0,0
style.css,169,css,d5875424,srangan29,2025-04-25,18:44:02,-07:00,2025-04-25T18:44:02-07:00,0,3
style.css,170,css,25b0ac82,srangan29,2025-04-25,17:49:17,-07:00,2025-04-25T17:49:17-07:00,0,11
style.css,171,css,25b0ac82,srangan29,2025-04-25,17:49:17,-07:00,2025-04-25T17:49:17-07:00,0,0
style.css,172,css,c6d00ce3,srangan29,2025-05-01,19:38:36,-07:00,2025-05-01T19:38:36-07:00,0,0
style.css,173,css,c6d00ce3,srangan29,2025-05-01,19:38:36,-07:00,2025-05-01T19:38:36-07:00,0,0
style.css,174,css,c6d00ce3,srangan29,2025-05-01,19:38:36,-07:00,2025-05-01T19:38:36-07:00,0,6
style.css,175,css,c6d00ce3,srangan29,2025-05-01,19:38:36,-07:00,2025-05-01T19:38:36-07:00,0,44
style.css,176,css,c6d00ce3,srangan29,2025-05-01,19:38:36,-07:00,2025-05-01T19:38:36-07:00,0,35
style.css,177,css,2b6edbe5,srangan29,2025-05-01,19:44:58,-07:00,2025-05-01T19:44:58-07:00,0,0
style.css,178,css,2b6edbe5,srangan29,2025-05-01,19:44:58,-07:00,2025-05-01T19:44:58-07:00,0,0
style.css,179,css,2b6edbe5,srangan29,2025-05-01,19:44:58,-07:00,2025-05-01T19:44:58-07:00,0,19
style.css,180,css,2b6edbe5,srangan29,2025-05-01,19:44:58,-07:00,2025-05-01T19:44:58-07:00,0,15
style.css,181,css,2b6edbe5,srangan29,2025-05-01,19:44:58,-07:00,2025-05-01T19:44:58-07:00,0,17
style.css,182,css,2b6edbe5,srangan29,2025-05-01,19:44:58,-07:00,2025-05-01T19:44:58-07:00,0,0
style.css,183,css,2b6edbe5,srangan29,2025-05-01,19:44:58,-07:00,2025-05-01T19:44:58-07:00,0,17
style.css,184,css,de758f79,srangan29,2025-05-02,12:45:34,-07:00,2025-05-02T12:45:34-07:00,0,0
style.css,185,css,de758f79,srangan29,2025-05-02,12:45:34,-07:00,2025-05-02T12:45:34-07:00,0,0
style.css,186,css,de758f79,srangan29,2025-05-02,12:45:34,-07:00,2025-05-02T12:45:34-07:00,0,10
style.css,187,css,de758f79,srangan29,2025-05-02,12:45:34,-07:00,2025-05-02T12:45:34-07:00,0,13
style.css,188,css,de758f79,srangan29,2025-05-02,12:45:34,-07:00,2025-05-02T12:45:34-07:00,0,58
style.css,189,css,18c64cce,srangan29,2025-05-02,13:14:12,-07:00,2025-05-02T13:14:12-07:00,0,17
style.css,190,css,4f4c52c1,srangan29,2025-05-02,15:57:26,-07:00,2025-05-02T15:57:26-07:00,0,33
style.css,191,css,c643207c,srangan29,2025-05-02,15:47:41,-07:00,2025-05-02T15:47:41-07:00,0,19
style.css,192,css,074066d6,srangan29,2025-05-02,13:19:06,-07:00,2025-05-02T13:19:06-07:00,0,7
style.css,193,css,6e12a140,srangan29,2025-05-03,22:42:19,-07:00,2025-05-03T22:42:19-07:00,0,12
style.css,194,css,15716958,srangan29,2025-05-02,12:53:41,-07:00,2025-05-02T12:53:41-07:00,0,0
style.css,195,css,15716958,srangan29,2025-05-02,12:53:41,-07:00,2025-05-02T12:53:41-07:00,0,0
style.css,196,css,15716958,srangan29,2025-05-02,12:53:41,-07:00,2025-05-02T12:53:41-07:00,0,8
style.css,197,css,15716958,srangan29,2025-05-02,12:53:41,-07:00,2025-05-02T12:53:41-07:00,0,21
style.css,198,css,a5027011,srangan29,2025-05-02,13:57:58,-07:00,2025-05-02T13:57:58-07:00,0,11
style.css,199,css,15716958,srangan29,2025-05-02,12:53:41,-07:00,2025-05-02T12:53:41-07:00,0,17
style.css,200,css,074066d6,srangan29,2025-05-02,13:19:06,-07:00,2025-05-02T13:19:06-07:00,0,30
style.css,201,css,18c64cce,srangan29,2025-05-02,13:14:12,-07:00,2025-05-02T13:14:12-07:00,0,18
style.css,202,css,15716958,srangan29,2025-05-02,12:53:41,-07:00,2025-05-02T12:53:41-07:00,0,0
style.css,203,css,15716958,srangan29,2025-05-02,12:53:41,-07:00,2025-05-02T12:53:41-07:00,0,0
style.css,204,css,15716958,srangan29,2025-05-02,12:53:41,-07:00,2025-05-02T12:53:41-07:00,0,13
style.css,205,css,15716958,srangan29,2025-05-02,12:53:41,-07:00,2025-05-02T12:53:41-07:00,0,13
style.css,206,css,15716958,srangan29,2025-05-02,12:53:41,-07:00,2025-05-02T12:53:41-07:00,0,19
style.css,207,css,a5027011,srangan29,2025-05-02,13:57:58,-07:00,2025-05-02T13:57:58-07:00,0,8
style.css,208,css,18c64cce,srangan29,2025-05-02,13:14:12,-07:00,2025-05-02T13:14:12-07:00,0,0
style.css,209,css,18c64cce,srangan29,2025-05-02,13:14:12,-07:00,2025-05-02T13:14:12-07:00,0,0
style.css,210,css,18c64cce,srangan29,2025-05-02,13:14:12,-07:00,2025-05-02T13:14:12-07:00,0,11
style.css,211,css,18c64cce,srangan29,2025-05-02,13:14:12,-07:00,2025-05-02T13:14:12-07:00,0,13
style.css,212,css,18c64cce,srangan29,2025-05-02,13:14:12,-07:00,2025-05-02T13:14:12-07:00,0,19
style.css,213,css,11f42c60,srangan29,2025-05-02,18:07:58,-07:00,2025-05-02T18:07:58-07:00,0,0
style.css,214,css,11f42c60,srangan29,2025-05-02,18:07:58,-07:00,2025-05-02T18:07:58-07:00,0,0
style.css,215,css,11f42c60,srangan29,2025-05-02,18:07:58,-07:00,2025-05-02T18:07:58-07:00,0,18
style.css,216,css,11f42c60,srangan29,2025-05-02,18:07:58,-07:00,2025-05-02T18:07:58-07:00,0,17
style.css,217,css,11f42c60,srangan29,2025-05-02,18:07:58,-07:00,2025-05-02T18:07:58-07:00,0,12
style.css,218,css,11f42c60,srangan29,2025-05-02,18:07:58,-07:00,2025-05-02T18:07:58-07:00,0,0
style.css,219,css,11f42c60,srangan29,2025-05-02,18:07:58,-07:00,2025-05-02T18:07:58-07:00,0,0
style.css,220,css,11f42c60,srangan29,2025-05-02,18:07:58,-07:00,2025-05-02T18:07:58-07:00,0,0
style.css,221,css,11f42c60,srangan29,2025-05-02,18:07:58,-07:00,2025-05-02T18:07:58-07:00,0,5
style.css,222,css,11f42c60,srangan29,2025-05-02,18:07:58,-07:00,2025-05-02T18:07:58-07:00,0,17
style.css,223,css,11f42c60,srangan29,2025-05-02,18:07:58,-07:00,2025-05-02T18:07:58-07:00,0,15
style.css,224,css,11f42c60,srangan29,2025-05-02,18:07:58,-07:00,2025-05-02T18:07:58-07:00,0,0
style.css,225,css,11f42c60,srangan29,2025-05-02,18:07:58,-07:00,2025-05-02T18:07:58-07:00,0,0
style.css,226,css,11f42c60,srangan29,2025-05-02,18:07:58,-07:00,2025-05-02T18:07:58-07:00,0,10
style.css,227,css,11f42c60,srangan29,2025-05-02,18:07:58,-07:00,2025-05-02T18:07:58-07:00,0,36
style.css,228,css,11f42c60,srangan29,2025-05-02,18:07:58,-07:00,2025-05-02T18:07:58-07:00,0,0
style.css,229,css,11f42c60,srangan29,2025-05-02,18:07:58,-07:00,2025-05-02T18:07:58-07:00,0,11
style.css,230,css,11f42c60,srangan29,2025-05-02,18:07:58,-07:00,2025-05-02T18:07:58-07:00,0,18
style.css,231,css,11f42c60,srangan29,2025-05-02,18:07:58,-07:00,2025-05-02T18:07:58-07:00,0,0
style.css,232,css,d5875424,srangan29,2025-04-25,18:44:02,-07:00,2025-04-25T18:44:02-07:00,0,0
index.js,1,js,82cdfcf7,srangan29,2025-04-25,15:20:28,-07:00,2025-04-25T15:20:28-07:00,0,72
index.js,2,js,16a1f636,srangan29,2025-04-25,14:02:37,-07:00,2025-04-25T14:02:37-07:00,0,0
index.js,3,js,16a1f636,srangan29,2025-04-25,14:02:37,-07:00,2025-04-25T14:02:37-07:00,0,55
index.js,4,js,16a1f636,srangan29,2025-04-25,14:02:37,-07:00,2025-04-25T14:02:37-07:00,0,43
index.js,5,js,16a1f636,srangan29,2025-04-25,14:02:37,-07:00,2025-04-25T14:02:37-07:00,0,0
index.js,6,js,16a1f636,srangan29,2025-04-25,14:02:37,-07:00,2025-04-25T14:02:37-07:00,0,61
index.js,7,js,e5466741,srangan29,2025-04-25,14:34:28,-07:00,2025-04-25T14:34:28-07:00,0,55
index.js,8,js,e5466741,srangan29,2025-04-25,14:34:28,-07:00,2025-04-25T14:34:28-07:00,0,0
index.js,9,js,e5466741,srangan29,2025-04-25,14:34:28,-07:00,2025-04-25T14:34:28-07:00,0,53
index.js,10,js,e5466741,srangan29,2025-04-25,14:34:28,-07:00,2025-04-25T14:34:28-07:00,0,61
index.js,11,js,e5466741,srangan29,2025-04-25,14:34:28,-07:00,2025-04-25T14:34:28-07:00,0,0
index.js,12,js,e5466741,srangan29,2025-04-25,14:34:28,-07:00,2025-04-25T14:34:28-07:00,0,18
index.js,13,js,e5466741,srangan29,2025-04-25,14:34:28,-07:00,2025-04-25T14:34:28-07:00,0,25
index.js,14,js,e5466741,srangan29,2025-04-25,14:34:28,-07:00,2025-04-25T14:34:28-07:00,0,3
index.js,15,js,e5466741,srangan29,2025-04-25,14:34:28,-07:00,2025-04-25T14:34:28-07:00,0,56
index.js,16,js,e5466741,srangan29,2025-04-25,14:34:28,-07:00,2025-04-25T14:34:28-07:00,0,56
index.js,17,js,e5466741,srangan29,2025-04-25,14:34:28,-07:00,2025-04-25T14:34:28-07:00,0,50
index.js,18,js,e5466741,srangan29,2025-04-25,14:34:28,-07:00,2025-04-25T14:34:28-07:00,0,50
index.js,19,js,e5466741,srangan29,2025-04-25,14:34:28,-07:00,2025-04-25T14:34:28-07:00,0,4
index.js,20,js,e5466741,srangan29,2025-04-25,14:34:28,-07:00,2025-04-25T14:34:28-07:00,0,1
index.js,21,js,e5466741,srangan29,2025-04-25,14:34:28,-07:00,2025-04-25T14:34:28-07:00,0,0
index.html,1,html,b494ad59,srangan29,2025-04-02,19:30:06,-07:00,2025-04-02T19:30:06-07:00,0,14
index.html,2,html,b494ad59,srangan29,2025-04-02,19:30:06,-07:00,2025-04-02T19:30:06-07:00,0,15
index.html,3,html,b494ad59,srangan29,2025-04-02,19:30:06,-07:00,2025-04-02T19:30:06-07:00,0,5
index.html,4,html,b494ad59,srangan29,2025-04-02,19:30:06,-07:00,2025-04-02T19:30:06-07:00,0,21
index.html,5,html,b494ad59,srangan29,2025-04-02,19:30:06,-07:00,2025-04-02T19:30:06-07:00,0,69
index.html,6,html,b494ad59,srangan29,2025-04-02,19:30:06,-07:00,2025-04-02T19:30:06-07:00,0,56
index.html,7,html,a1d0ff98,srangan29,2025-04-02,20:53:19,-07:00,2025-04-02T20:53:19-07:00,0,40
index.html,8,html,a9b0f166,srangan29,2025-04-12,20:05:54,-07:00,2025-04-12T20:05:54-07:00,0,46
index.html,9,html,e7b6c4f7,srangan29,2025-04-25,14:02:19,-07:00,2025-04-25T14:02:19-07:00,0,51
index.html,10,html,b494ad59,srangan29,2025-04-02,19:30:06,-07:00,2025-04-02T19:30:06-07:00,0,6
index.html,11,html,b494ad59,srangan29,2025-04-02,19:30:06,-07:00,2025-04-02T19:30:06-07:00,0,5
index.html,12,html,5403af3c,srangan29,2025-04-25,17:36:27,-07:00,2025-04-25T17:36:27-07:00,0,17
index.html,13,html,b494ad59,srangan29,2025-04-02,19:30:06,-07:00,2025-04-02T19:30:06-07:00,0,21
index.html,14,html,d807edeb,srangan29,2025-04-25,18:07:32,-07:00,2025-04-25T18:07:32-07:00,0,62
index.html,15,html,9a9067b0,srangan29,2025-04-02,21:56:57,-07:00,2025-04-02T21:56:57-07:00,0,109
index.html,16,html,d807edeb,srangan29,2025-04-25,18:07:32,-07:00,2025-04-25T18:07:32-07:00,0,47
index.html,17,html,e7b6c4f7,srangan29,2025-04-25,14:02:19,-07:00,2025-04-25T14:02:19-07:00,0,23
index.html,18,html,e7b6c4f7,srangan29,2025-04-25,14:02:19,-07:00,2025-04-25T14:02:19-07:00,0,21
index.html,19,html,e7b6c4f7,srangan29,2025-04-25,14:02:19,-07:00,2025-04-25T14:02:19-07:00,0,50
index.html,20,html,e7b6c4f7,srangan29,2025-04-25,14:02:19,-07:00,2025-04-25T14:02:19-07:00,0,5
index.html,21,html,f9c7e7c3,srangan29,2025-04-25,19:16:04,-07:00,2025-04-25T19:16:04-07:00,0,28
index.html,22,html,81d1de2b,srangan29,2025-04-25,14:33:54,-07:00,2025-04-25T14:33:54-07:00,0,29
index.html,23,html,5403af3c,srangan29,2025-04-25,17:36:27,-07:00,2025-04-25T17:36:27-07:00,0,5
index.html,24,html,b494ad59,srangan29,2025-04-02,19:30:06,-07:00,2025-04-02T19:30:06-07:00,0,6
index.html,25,html,b494ad59,srangan29,2025-04-02,19:30:06,-07:00,2025-04-02T19:30:06-07:00,0,6
global.js,1,js,ac877377,srangan29,2025-04-12,19:33:54,-07:00,2025-04-12T19:33:54-07:00,0,26
global.js,2,js,ac877377,srangan29,2025-04-12,19:33:54,-07:00,2025-04-12T19:33:54-07:00,0,0
global.js,3,js,ac877377,srangan29,2025-04-12,19:33:54,-07:00,2025-04-12T19:33:54-07:00,0,42
global.js,4,js,ac877377,srangan29,2025-04-12,19:33:54,-07:00,2025-04-12T19:33:54-07:00,0,53
global.js,5,js,97b71ea3,srangan29,2025-04-12,20:27:45,-07:00,2025-04-12T20:27:45-07:00,0,0
global.js,6,js,97b71ea3,srangan29,2025-04-12,20:27:45,-07:00,2025-04-12T20:27:45-07:00,0,25
global.js,7,js,97b71ea3,srangan29,2025-04-12,20:27:45,-07:00,2025-04-12T20:27:45-07:00,0,0
global.js,8,js,97b71ea3,srangan29,2025-04-12,20:27:45,-07:00,2025-04-12T20:27:45-07:00,0,31
global.js,9,js,97b71ea3,srangan29,2025-04-12,20:27:45,-07:00,2025-04-12T20:27:45-07:00,0,67
global.js,10,js,97b71ea3,srangan29,2025-04-12,20:27:45,-07:00,2025-04-12T20:27:45-07:00,0,1
global.js,11,js,97b71ea3,srangan29,2025-04-12,20:27:45,-07:00,2025-04-12T20:27:45-07:00,0,0
global.js,12,js,97b71ea3,srangan29,2025-04-12,20:27:45,-07:00,2025-04-12T20:27:45-07:00,0,17
global.js,13,js,97b71ea3,srangan29,2025-04-12,20:27:45,-07:00,2025-04-12T20:27:45-07:00,0,35
global.js,14,js,97b71ea3,srangan29,2025-04-12,20:27:45,-07:00,2025-04-12T20:27:45-07:00,0,36
global.js,15,js,97b71ea3,srangan29,2025-04-12,20:27:45,-07:00,2025-04-12T20:27:45-07:00,0,2
global.js,16,js,97b71ea3,srangan29,2025-04-12,20:27:45,-07:00,2025-04-12T20:27:45-07:00,0,0
global.js,17,js,97b71ea3,srangan29,2025-04-12,20:27:45,-07:00,2025-04-12T20:27:45-07:00,0,12
global.js,18,js,97b71ea3,srangan29,2025-04-12,20:27:45,-07:00,2025-04-12T20:27:45-07:00,0,26
global.js,19,js,97b71ea3,srangan29,2025-04-12,20:27:45,-07:00,2025-04-12T20:27:45-07:00,0,39
global.js,20,js,97b71ea3,srangan29,2025-04-12,20:27:45,-07:00,2025-04-12T20:27:45-07:00,0,33
global.js,21,js,980ce605,srangan29,2025-04-12,20:37:56,-07:00,2025-04-12T20:37:56-07:00,0,37
global.js,22,js,980ce605,srangan29,2025-04-12,20:37:56,-07:00,2025-04-12T20:37:56-07:00,0,35
global.js,23,js,00000000,Not Committed Yet,2025-05-09,14:07:56,-07:00,2025-05-09T14:07:56-07:00,0,30
global.js,24,js,5aea1416,srangan29,2025-04-12,20:42:40,-07:00,2025-04-12T20:42:40-07:00,0,55
global.js,25,js,97b71ea3,srangan29,2025-04-12,20:27:45,-07:00,2025-04-12T20:27:45-07:00,0,1
global.js,26,js,97b71ea3,srangan29,2025-04-12,20:27:45,-07:00,2025-04-12T20:27:45-07:00,0,0
global.js,27,js,97b71ea3,srangan29,2025-04-12,20:27:45,-07:00,2025-04-12T20:27:45-07:00,0,39
global.js,28,js,97b71ea3,srangan29,2025-04-12,20:27:45,-07:00,2025-04-12T20:27:45-07:00,0,26
global.js,29,js,97b71ea3,srangan29,2025-04-12,20:27:45,-07:00,2025-04-12T20:27:45-07:00,0,0
global.js,30,js,97b71ea3,srangan29,2025-04-12,20:27:45,-07:00,2025-04-12T20:27:45-07:00,0,21
global.js,31,js,97b71ea3,srangan29,2025-04-12,20:27:45,-07:00,2025-04-12T20:27:45-07:00,0,15
global.js,32,js,97b71ea3,srangan29,2025-04-12,20:27:45,-07:00,2025-04-12T20:27:45-07:00,0,19
global.js,33,js,97b71ea3,srangan29,2025-04-12,20:27:45,-07:00,2025-04-12T20:27:45-07:00,0,42
global.js,34,js,486ea4e3,srangan29,2025-04-12,21:14:47,-07:00,2025-04-12T21:14:47-07:00,0,89
global.js,35,js,eb2b2be9,srangan29,2025-04-12,20:33:40,-07:00,2025-04-12T20:33:40-07:00,0,37
global.js,36,js,5aea1416,srangan29,2025-04-12,20:42:40,-07:00,2025-04-12T20:42:40-07:00,0,49
global.js,37,js,eb2b2be9,srangan29,2025-04-12,20:33:40,-07:00,2025-04-12T20:33:40-07:00,0,0
global.js,38,js,eb2b2be9,srangan29,2025-04-12,20:33:40,-07:00,2025-04-12T20:33:40-07:00,0,29
global.js,39,js,eb2b2be9,srangan29,2025-04-12,20:33:40,-07:00,2025-04-12T20:33:40-07:00,0,21
global.js,40,js,eb2b2be9,srangan29,2025-04-12,20:33:40,-07:00,2025-04-12T20:33:40-07:00,0,0
global.js,41,js,13501b76,srangan29,2025-04-12,21:21:48,-07:00,2025-04-12T21:21:48-07:00,0,61
global.js,42,js,486ea4e3,srangan29,2025-04-12,21:14:47,-07:00,2025-04-12T21:14:47-07:00,0,0
global.js,43,js,486ea4e3,srangan29,2025-04-12,21:14:47,-07:00,2025-04-12T21:14:47-07:00,0,31
global.js,44,js,486ea4e3,srangan29,2025-04-12,21:14:47,-07:00,2025-04-12T21:14:47-07:00,0,35
global.js,45,js,486ea4e3,srangan29,2025-04-12,21:14:47,-07:00,2025-04-12T21:14:47-07:00,0,12
global.js,46,js,486ea4e3,srangan29,2025-04-12,21:14:47,-07:00,2025-04-12T21:14:47-07:00,0,21
global.js,47,js,13501b76,srangan29,2025-04-12,21:21:48,-07:00,2025-04-12T21:21:48-07:00,0,66
global.js,48,js,13501b76,srangan29,2025-04-12,21:21:48,-07:00,2025-04-12T21:21:48-07:00,0,26
global.js,49,js,13501b76,srangan29,2025-04-12,21:21:48,-07:00,2025-04-12T21:21:48-07:00,0,0
global.js,50,js,13501b76,srangan29,2025-04-12,21:21:48,-07:00,2025-04-12T21:21:48-07:00,0,30
global.js,51,js,13501b76,srangan29,2025-04-12,21:21:48,-07:00,2025-04-12T21:21:48-07:00,0,18
global.js,52,js,13501b76,srangan29,2025-04-12,21:21:48,-07:00,2025-04-12T21:21:48-07:00,0,0
global.js,53,js,13501b76,srangan29,2025-04-12,21:21:48,-07:00,2025-04-12T21:21:48-07:00,0,24
global.js,54,js,13501b76,srangan29,2025-04-12,21:21:48,-07:00,2025-04-12T21:21:48-07:00,0,9
global.js,55,js,13501b76,srangan29,2025-04-12,21:21:48,-07:00,2025-04-12T21:21:48-07:00,0,60
global.js,56,js,13501b76,srangan29,2025-04-12,21:21:48,-07:00,2025-04-12T21:21:48-07:00,0,4
global.js,57,js,486ea4e3,srangan29,2025-04-12,21:14:47,-07:00,2025-04-12T21:14:47-07:00,0,13
global.js,58,js,4da66fb2,srangan29,2025-04-12,20:48:52,-07:00,2025-04-12T20:48:52-07:00,0,0
global.js,59,js,13501b76,srangan29,2025-04-12,21:21:48,-07:00,2025-04-12T21:21:48-07:00,0,0
global.js,60,js,17e95c4a,srangan29,2025-04-12,22:12:23,-07:00,2025-04-12T22:12:23-07:00,0,32
global.js,61,js,17e95c4a,srangan29,2025-04-12,22:12:23,-07:00,2025-04-12T22:12:23-07:00,0,12
global.js,62,js,17e95c4a,srangan29,2025-04-12,22:12:23,-07:00,2025-04-12T22:12:23-07:00,0,0
global.js,63,js,17e95c4a,srangan29,2025-04-12,22:12:23,-07:00,2025-04-12T22:12:23-07:00,0,27
global.js,64,js,17e95c4a,srangan29,2025-04-12,22:12:23,-07:00,2025-04-12T22:12:23-07:00,0,5
global.js,65,js,17e95c4a,srangan29,2025-04-12,22:12:23,-07:00,2025-04-12T22:12:23-07:00,0,7
global.js,66,js,17e95c4a,srangan29,2025-04-12,22:12:23,-07:00,2025-04-12T22:12:23-07:00,0,39
global.js,67,js,17e95c4a,srangan29,2025-04-12,22:12:23,-07:00,2025-04-12T22:12:23-07:00,0,44
global.js,68,js,17e95c4a,srangan29,2025-04-12,22:12:23,-07:00,2025-04-12T22:12:23-07:00,0,35
global.js,69,js,17e95c4a,srangan29,2025-04-12,22:12:23,-07:00,2025-04-12T22:12:23-07:00,0,33
global.js,70,js,17e95c4a,srangan29,2025-04-12,22:12:23,-07:00,2025-04-12T22:12:23-07:00,0,8
global.js,71,js,8aeed973,srangan29,2025-04-13,12:51:29,-07:00,2025-04-13T12:51:29-07:00,0,8
global.js,72,js,d10929f2,srangan29,2025-04-13,12:08:51,-07:00,2025-04-13T12:08:51-07:00,0,1
global.js,73,js,8aeed973,srangan29,2025-04-13,12:51:29,-07:00,2025-04-13T12:51:29-07:00,0,60
global.js,74,js,d10929f2,srangan29,2025-04-13,12:08:51,-07:00,2025-04-13T12:08:51-07:00,0,50
global.js,75,js,d10929f2,srangan29,2025-04-13,12:08:51,-07:00,2025-04-13T12:08:51-07:00,0,58
global.js,76,js,8aeed973,srangan29,2025-04-13,12:51:29,-07:00,2025-04-13T12:51:29-07:00,0,78
global.js,77,js,14ead884,srangan29,2025-04-13,14:13:32,-07:00,2025-04-13T14:13:32-07:00,0,45
global.js,78,js,14ead884,srangan29,2025-04-13,14:13:32,-07:00,2025-04-13T14:13:32-07:00,0,2
global.js,79,js,d10929f2,srangan29,2025-04-13,12:08:51,-07:00,2025-04-13T12:08:51-07:00,0,0
global.js,80,js,d10929f2,srangan29,2025-04-13,12:08:51,-07:00,2025-04-13T12:08:51-07:00,0,35
global.js,81,js,d10929f2,srangan29,2025-04-13,12:08:51,-07:00,2025-04-13T12:08:51-07:00,0,38
global.js,82,js,14ead884,srangan29,2025-04-13,14:13:32,-07:00,2025-04-13T14:13:32-07:00,0,72
global.js,83,js,0a961df2,srangan29,2025-04-20,23:00:31,-07:00,2025-04-20T23:00:31-07:00,0,0
global.js,84,js,0a961df2,srangan29,2025-04-20,23:00:31,-07:00,2025-04-20T23:00:31-07:00,0,0
global.js,85,js,0a961df2,srangan29,2025-04-20,23:00:31,-07:00,2025-04-20T23:00:31-07:00,0,0
global.js,86,js,0a961df2,srangan29,2025-04-20,23:00:31,-07:00,2025-04-20T23:00:31-07:00,0,0
global.js,87,js,0a961df2,srangan29,2025-04-20,23:00:31,-07:00,2025-04-20T23:00:31-07:00,0,0
global.js,88,js,0a961df2,srangan29,2025-04-20,23:00:31,-07:00,2025-04-20T23:00:31-07:00,0,37
global.js,89,js,0a961df2,srangan29,2025-04-20,23:00:31,-07:00,2025-04-20T23:00:31-07:00,0,4
global.js,90,js,0a961df2,srangan29,2025-04-20,23:00:31,-07:00,2025-04-20T23:00:31-07:00,0,40
global.js,91,js,0a961df2,srangan29,2025-04-20,23:00:31,-07:00,2025-04-20T23:00:31-07:00,0,33
global.js,92,js,0a961df2,srangan29,2025-04-20,23:00:31,-07:00,2025-04-20T23:00:31-07:00,0,18
global.js,93,js,0a961df2,srangan29,2025-04-20,23:00:31,-07:00,2025-04-20T23:00:31-07:00,0,67
global.js,94,js,0a961df2,srangan29,2025-04-20,23:00:31,-07:00,2025-04-20T23:00:31-07:00,0,0
global.js,95,js,0a961df2,srangan29,2025-04-20,23:00:31,-07:00,2025-04-20T23:00:31-07:00,0,34
global.js,96,js,0a961df2,srangan29,2025-04-20,23:00:31,-07:00,2025-04-20T23:00:31-07:00,0,11
global.js,97,js,0a961df2,srangan29,2025-04-20,23:00:31,-07:00,2025-04-20T23:00:31-07:00,0,16
global.js,98,js,0a961df2,srangan29,2025-04-20,23:00:31,-07:00,2025-04-20T23:00:31-07:00,0,60
global.js,99,js,0a961df2,srangan29,2025-04-20,23:00:31,-07:00,2025-04-20T23:00:31-07:00,0,0
global.js,100,js,0e5c9766,srangan29,2025-04-25,11:53:42,-07:00,2025-04-25T11:53:42-07:00,0,0
global.js,101,js,0e5c9766,srangan29,2025-04-25,11:53:42,-07:00,2025-04-25T11:53:42-07:00,0,0
global.js,102,js,0e5c9766,srangan29,2025-04-25,11:53:42,-07:00,2025-04-25T11:53:42-07:00,0,0
global.js,103,js,7fef8835,srangan29,2025-04-25,12:45:35,-07:00,2025-04-25T12:45:35-07:00,0,79
global.js,104,js,0e5c9766,srangan29,2025-04-25,11:53:42,-07:00,2025-04-25T11:53:42-07:00,0,24
global.js,105,js,0e5c9766,srangan29,2025-04-25,11:53:42,-07:00,2025-04-25T11:53:42-07:00,0,31
global.js,106,js,7fef8835,srangan29,2025-04-25,12:45:35,-07:00,2025-04-25T12:45:35-07:00,0,32
global.js,107,js,0e5c9766,srangan29,2025-04-25,11:53:42,-07:00,2025-04-25T11:53:42-07:00,0,49
global.js,108,js,0e5c9766,srangan29,2025-04-25,11:53:42,-07:00,2025-04-25T11:53:42-07:00,0,20
global.js,109,js,c78c5f43,srangan29,2025-04-25,16:31:08,-07:00,2025-04-25T16:31:08-07:00,0,50
global.js,110,js,0e5c9766,srangan29,2025-04-25,11:53:42,-07:00,2025-04-25T11:53:42-07:00,0,50
global.js,111,js,3cacf4fa,srangan29,2025-05-01,19:35:52,-07:00,2025-05-01T19:35:52-07:00,0,33
global.js,112,js,341ee002,srangan29,2025-05-01,19:38:45,-07:00,2025-05-01T19:38:45-07:00,0,42
global.js,113,js,0e5c9766,srangan29,2025-04-25,11:53:42,-07:00,2025-04-25T11:53:42-07:00,0,1
global.js,114,js,0e5c9766,srangan29,2025-04-25,11:53:42,-07:00,2025-04-25T11:53:42-07:00,0,37
global.js,115,js,0e5c9766,srangan29,2025-04-25,11:53:42,-07:00,2025-04-25T11:53:42-07:00,0,0
global.js,116,js,7fef8835,srangan29,2025-04-25,12:45:35,-07:00,2025-04-25T12:45:35-07:00,0,0
global.js,117,js,13d0bc3b,srangan29,2025-04-25,14:33:24,-07:00,2025-04-25T14:33:24-07:00,0,0
global.js,118,js,13d0bc3b,srangan29,2025-04-25,14:33:24,-07:00,2025-04-25T14:33:24-07:00,0,48
global.js,119,js,13d0bc3b,srangan29,2025-04-25,14:33:24,-07:00,2025-04-25T14:33:24-07:00,0,23
global.js,120,js,13d0bc3b,srangan29,2025-04-25,14:33:24,-07:00,2025-04-25T14:33:24-07:00,0,60
global.js,121,js,13d0bc3b,srangan29,2025-04-25,14:33:24,-07:00,2025-04-25T14:33:24-07:00,0,0
global.js,122,js,13d0bc3b,srangan29,2025-04-25,14:33:24,-07:00,2025-04-25T14:33:24-07:00,0,0
resume\index.html,1,html,f7196ec9,srangan29,2025-04-03,11:17:06,-07:00,2025-04-03T11:17:06-07:00,0,14
resume\index.html,2,html,f7196ec9,srangan29,2025-04-03,11:17:06,-07:00,2025-04-03T11:17:06-07:00,0,15
resume\index.html,3,html,f7196ec9,srangan29,2025-04-03,11:17:06,-07:00,2025-04-03T11:17:06-07:00,0,5
resume\index.html,4,html,f7196ec9,srangan29,2025-04-03,11:17:06,-07:00,2025-04-03T11:17:06-07:00,0,21
resume\index.html,5,html,f7196ec9,srangan29,2025-04-03,11:17:06,-07:00,2025-04-03T11:17:06-07:00,0,69
resume\index.html,6,html,f7196ec9,srangan29,2025-04-03,11:17:06,-07:00,2025-04-03T11:17:06-07:00,0,20
resume\index.html,7,html,926e00f8,srangan29,2025-04-03,15:55:06,-07:00,2025-04-03T15:55:06-07:00,0,43
resume\index.html,8,html,a9b0f166,srangan29,2025-04-12,20:05:54,-07:00,2025-04-12T20:05:54-07:00,0,49
resume\index.html,9,html,f7196ec9,srangan29,2025-04-03,11:17:06,-07:00,2025-04-03T11:17:06-07:00,0,6
resume\index.html,10,html,f7196ec9,srangan29,2025-04-03,11:17:06,-07:00,2025-04-03T11:17:06-07:00,0,5
resume\index.html,11,html,35e720e3,srangan29,2025-04-03,15:39:56,-07:00,2025-04-03T15:39:56-07:00,0,7
resume\index.html,12,html,5e40030a,srangan29,2025-04-11,13:26:39,-07:00,2025-04-11T13:26:39-07:00,0,8
resume\index.html,13,html,fa4af4ad,srangan29,2025-04-11,12:46:08,-07:00,2025-04-11T12:46:08-07:00,0,0
resume\index.html,14,html,fa4af4ad,srangan29,2025-04-11,12:46:08,-07:00,2025-04-11T12:46:08-07:00,0,19
resume\index.html,15,html,f7196ec9,srangan29,2025-04-03,11:17:06,-07:00,2025-04-03T11:17:06-07:00,0,16
resume\index.html,16,html,35e720e3,srangan29,2025-04-03,15:39:56,-07:00,2025-04-03T15:39:56-07:00,0,30
resume\index.html,17,html,2d8b0529,srangan29,2025-04-11,20:13:53,-07:00,2025-04-11T20:13:53-07:00,0,210
resume\index.html,18,html,0666087c,srangan29,2025-04-03,15:09:38,-07:00,2025-04-03T15:09:38-07:00,0,24
resume\index.html,19,html,f7196ec9,srangan29,2025-04-03,11:17:06,-07:00,2025-04-03T11:17:06-07:00,0,260
resume\index.html,20,html,f7196ec9,srangan29,2025-04-03,11:17:06,-07:00,2025-04-03T11:17:06-07:00,0,3
resume\index.html,21,html,f7196ec9,srangan29,2025-04-03,11:17:06,-07:00,2025-04-03T11:17:06-07:00,0,9
resume\index.html,22,html,35e720e3,srangan29,2025-04-03,15:39:56,-07:00,2025-04-03T15:39:56-07:00,0,29
resume\index.html,23,html,0666087c,srangan29,2025-04-03,15:09:38,-07:00,2025-04-03T15:09:38-07:00,0,34
resume\index.html,24,html,c5b7f875,srangan29,2025-04-11,14:27:41,-07:00,2025-04-11T14:27:41-07:00,0,86
resume\index.html,25,html,35e720e3,srangan29,2025-04-03,15:39:56,-07:00,2025-04-03T15:39:56-07:00,0,40
resume\index.html,26,html,f7196ec9,srangan29,2025-04-03,11:17:06,-07:00,2025-04-03T11:17:06-07:00,0,0
resume\index.html,27,html,35e720e3,srangan29,2025-04-03,15:39:56,-07:00,2025-04-03T15:39:56-07:00,0,39
resume\index.html,28,html,185e9817,srangan29,2025-04-11,14:17:34,-07:00,2025-04-11T14:17:34-07:00,0,36
resume\index.html,29,html,f7196ec9,srangan29,2025-04-03,11:17:06,-07:00,2025-04-03T11:17:06-07:00,0,351
resume\index.html,30,html,185e9817,srangan29,2025-04-11,14:17:34,-07:00,2025-04-11T14:17:34-07:00,0,35
resume\index.html,31,html,f7196ec9,srangan29,2025-04-03,11:17:06,-07:00,2025-04-03T11:17:06-07:00,0,84
resume\index.html,32,html,185e9817,srangan29,2025-04-11,14:17:34,-07:00,2025-04-11T14:17:34-07:00,0,31
resume\index.html,33,html,45013925,srangan29,2025-04-11,13:39:23,-07:00,2025-04-11T13:39:23-07:00,0,95
resume\index.html,34,html,7315ca86,srangan29,2025-04-11,12:28:40,-07:00,2025-04-11T12:28:40-07:00,0,26
resume\index.html,35,html,35e720e3,srangan29,2025-04-03,15:39:56,-07:00,2025-04-03T15:39:56-07:00,0,23
resume\index.html,36,html,0666087c,srangan29,2025-04-03,15:09:38,-07:00,2025-04-03T15:09:38-07:00,0,3
resume\index.html,37,html,35e720e3,srangan29,2025-04-03,15:39:56,-07:00,2025-04-03T15:39:56-07:00,0,39
resume\index.html,38,html,0666087c,srangan29,2025-04-03,15:09:38,-07:00,2025-04-03T15:09:38-07:00,0,62
resume\index.html,39,html,0666087c,srangan29,2025-04-03,15:09:38,-07:00,2025-04-03T15:09:38-07:00,0,77
resume\index.html,40,html,0666087c,srangan29,2025-04-03,15:09:38,-07:00,2025-04-03T15:09:38-07:00,0,39
resume\index.html,41,html,0666087c,srangan29,2025-04-03,15:09:38,-07:00,2025-04-03T15:09:38-07:00,0,38
resume\index.html,42,html,35e720e3,srangan29,2025-04-03,15:39:56,-07:00,2025-04-03T15:39:56-07:00,0,91
resume\index.html,43,html,f7196ec9,srangan29,2025-04-03,11:17:06,-07:00,2025-04-03T11:17:06-07:00,0,9
resume\index.html,44,html,f7196ec9,srangan29,2025-04-03,11:17:06,-07:00,2025-04-03T11:17:06-07:00,0,3
resume\index.html,45,html,0666087c,srangan29,2025-04-03,15:09:38,-07:00,2025-04-03T15:09:38-07:00,0,27
resume\index.html,46,html,4c81912b,srangan29,2025-04-11,14:04:04,-07:00,2025-04-11T14:04:04-07:00,0,53
resume\index.html,47,html,4c81912b,srangan29,2025-04-11,14:04:04,-07:00,2025-04-11T14:04:04-07:00,0,25
resume\index.html,48,html,4c81912b,srangan29,2025-04-11,14:04:04,-07:00,2025-04-11T14:04:04-07:00,0,81
resume\index.html,49,html,0666087c,srangan29,2025-04-03,15:09:38,-07:00,2025-04-03T15:09:38-07:00,0,97
resume\index.html,50,html,0666087c,srangan29,2025-04-03,15:09:38,-07:00,2025-04-03T15:09:38-07:00,0,80
resume\index.html,51,html,0666087c,srangan29,2025-04-03,15:09:38,-07:00,2025-04-03T15:09:38-07:00,0,123
resume\index.html,52,html,f7196ec9,srangan29,2025-04-03,11:17:06,-07:00,2025-04-03T11:17:06-07:00,0,13
resume\index.html,53,html,f7196ec9,srangan29,2025-04-03,11:17:06,-07:00,2025-04-03T11:17:06-07:00,0,0
resume\index.html,54,html,4c81912b,srangan29,2025-04-11,14:04:04,-07:00,2025-04-11T14:04:04-07:00,0,51
resume\index.html,55,html,528072c7,srangan29,2025-04-11,13:54:45,-07:00,2025-04-11T13:54:45-07:00,0,24
resume\index.html,56,html,aa9e15bc,srangan29,2025-04-09,19:18:34,-07:00,2025-04-09T19:18:34-07:00,0,120
resume\index.html,57,html,528072c7,srangan29,2025-04-11,13:54:45,-07:00,2025-04-11T13:54:45-07:00,0,21
resume\index.html,58,html,0666087c,srangan29,2025-04-03,15:09:38,-07:00,2025-04-03T15:09:38-07:00,0,106
resume\index.html,59,html,f7196ec9,srangan29,2025-04-03,11:17:06,-07:00,2025-04-03T11:17:06-07:00,0,3
resume\index.html,60,html,528072c7,srangan29,2025-04-11,13:54:45,-07:00,2025-04-11T13:54:45-07:00,0,29
resume\index.html,61,html,aa9e15bc,srangan29,2025-04-09,19:18:34,-07:00,2025-04-09T19:18:34-07:00,0,117
resume\index.html,62,html,528072c7,srangan29,2025-04-11,13:54:45,-07:00,2025-04-11T13:54:45-07:00,0,21
resume\index.html,63,html,0666087c,srangan29,2025-04-03,15:09:38,-07:00,2025-04-03T15:09:38-07:00,0,97
resume\index.html,64,html,0666087c,srangan29,2025-04-03,15:09:38,-07:00,2025-04-03T15:09:38-07:00,0,57
resume\index.html,65,html,f7196ec9,srangan29,2025-04-03,11:17:06,-07:00,2025-04-03T11:17:06-07:00,0,0
resume\index.html,66,html,528072c7,srangan29,2025-04-11,13:54:45,-07:00,2025-04-11T13:54:45-07:00,0,46
resume\index.html,67,html,aa9e15bc,srangan29,2025-04-09,19:18:34,-07:00,2025-04-09T19:18:34-07:00,0,121
resume\index.html,68,html,528072c7,srangan29,2025-04-11,13:54:45,-07:00,2025-04-11T13:54:45-07:00,0,30
resume\index.html,69,html,0666087c,srangan29,2025-04-03,15:09:38,-07:00,2025-04-03T15:09:38-07:00,0,70
resume\index.html,70,html,0666087c,srangan29,2025-04-03,15:09:38,-07:00,2025-04-03T15:09:38-07:00,0,82
resume\index.html,71,html,0666087c,srangan29,2025-04-03,15:09:38,-07:00,2025-04-03T15:09:38-07:00,0,72
resume\index.html,72,html,f7196ec9,srangan29,2025-04-03,11:17:06,-07:00,2025-04-03T11:17:06-07:00,0,9
resume\index.html,73,html,f7196ec9,srangan29,2025-04-03,11:17:06,-07:00,2025-04-03T11:17:06-07:00,0,9
resume\index.html,74,html,27fcf93d,srangan29,2025-04-11,12:37:13,-07:00,2025-04-11T12:37:13-07:00,0,5
resume\index.html,75,html,fa4af4ad,srangan29,2025-04-11,12:46:08,-07:00,2025-04-11T12:46:08-07:00,0,6
resume\index.html,76,html,f7196ec9,srangan29,2025-04-03,11:17:06,-07:00,2025-04-03T11:17:06-07:00,0,6
projects\projects.js,1,js,452d4aeb,srangan29,2025-04-20,23:31:04,-07:00,2025-04-20T23:31:04-07:00,0,56
projects\projects.js,2,js,0a66b8cb,srangan29,2025-05-01,19:45:15,-07:00,2025-05-01T19:45:15-07:00,0,64
projects\projects.js,3,js,0a66b8cb,srangan29,2025-05-01,19:45:15,-07:00,2025-05-01T19:45:15-07:00,0,0
projects\projects.js,4,js,452d4aeb,srangan29,2025-04-20,23:31:04,-07:00,2025-04-20T23:31:04-07:00,0,56
projects\projects.js,5,js,452d4aeb,srangan29,2025-04-20,23:31:04,-07:00,2025-04-20T23:31:04-07:00,0,61
projects\projects.js,6,js,452d4aeb,srangan29,2025-04-20,23:31:04,-07:00,2025-04-20T23:31:04-07:00,0,49
projects\projects.js,7,js,452d4aeb,srangan29,2025-04-20,23:31:04,-07:00,2025-04-20T23:31:04-07:00,0,0
projects\projects.js,8,js,666bdca2,srangan29,2025-04-25,11:34:16,-07:00,2025-04-25T11:34:16-07:00,0,44
projects\projects.js,9,js,22519893,srangan29,2025-04-25,11:41:10,-07:00,2025-04-25T11:41:10-07:00,0,39
projects\projects.js,10,js,68f555aa,srangan29,2025-04-25,12:04:58,-07:00,2025-04-25T12:04:58-07:00,0,0
projects\projects.js,11,js,666bdca2,srangan29,2025-04-25,11:34:16,-07:00,2025-04-25T11:34:16-07:00,0,55
projects\projects.js,12,js,68f555aa,srangan29,2025-04-25,12:04:58,-07:00,2025-04-25T12:04:58-07:00,0,37
projects\projects.js,13,js,0a66b8cb,srangan29,2025-05-01,19:45:15,-07:00,2025-05-01T19:45:15-07:00,0,48
projects\projects.js,14,js,4fe6d391,srangan29,2025-05-02,19:03:11,-07:00,2025-05-02T19:03:11-07:00,0,0
projects\projects.js,15,js,822fc6c7,srangan29,2025-05-09,12:33:26,-07:00,2025-05-09T12:33:26-07:00,0,27
projects\projects.js,16,js,822fc6c7,srangan29,2025-05-09,12:33:26,-07:00,2025-05-09T12:33:26-07:00,0,8
projects\projects.js,17,js,822fc6c7,srangan29,2025-05-09,12:33:26,-07:00,2025-05-09T12:33:26-07:00,0,15
projects\projects.js,18,js,822fc6c7,srangan29,2025-05-09,12:33:26,-07:00,2025-05-09T12:33:26-07:00,0,13
projects\projects.js,19,js,822fc6c7,srangan29,2025-05-09,12:33:26,-07:00,2025-05-09T12:33:26-07:00,0,1
projects\projects.js,20,js,822fc6c7,srangan29,2025-05-09,12:33:26,-07:00,2025-05-09T12:33:26-07:00,0,45
projects\projects.js,21,js,822fc6c7,srangan29,2025-05-09,12:33:26,-07:00,2025-05-09T12:33:26-07:00,0,36
projects\projects.js,22,js,822fc6c7,srangan29,2025-05-09,12:33:26,-07:00,2025-05-09T12:33:26-07:00,0,2
projects\projects.js,23,js,822fc6c7,srangan29,2025-05-09,12:33:26,-07:00,2025-05-09T12:33:26-07:00,0,0
projects\projects.js,24,js,9c82cb17,srangan29,2025-05-02,18:50:03,-07:00,2025-05-02T18:50:03-07:00,0,58
projects\projects.js,25,js,9c82cb17,srangan29,2025-05-02,18:50:03,-07:00,2025-05-02T18:50:03-07:00,0,29
projects\projects.js,26,js,9c82cb17,srangan29,2025-05-02,18:50:03,-07:00,2025-05-02T18:50:03-07:00,0,34
projects\projects.js,27,js,9c82cb17,srangan29,2025-05-02,18:50:03,-07:00,2025-05-02T18:50:03-07:00,0,46
projects\projects.js,28,js,0a66b8cb,srangan29,2025-05-01,19:45:15,-07:00,2025-05-01T19:45:15-07:00,0,0
projects\projects.js,29,js,822fc6c7,srangan29,2025-05-09,12:33:26,-07:00,2025-05-09T12:33:26-07:00,0,48
projects\projects.js,30,js,1928f986,srangan29,2025-05-02,19:15:30,-07:00,2025-05-02T19:15:30-07:00,0,0
projects\projects.js,31,js,882ea6fe,srangan29,2025-05-02,16:53:37,-07:00,2025-05-02T16:53:37-07:00,0,41
projects\projects.js,32,js,882ea6fe,srangan29,2025-05-02,16:53:37,-07:00,2025-05-02T16:53:37-07:00,0,39
projects\projects.js,33,js,882ea6fe,srangan29,2025-05-02,16:53:37,-07:00,2025-05-02T16:53:37-07:00,0,26
projects\projects.js,34,js,882ea6fe,srangan29,2025-05-02,16:53:37,-07:00,2025-05-02T16:53:37-07:00,0,30
projects\projects.js,35,js,882ea6fe,srangan29,2025-05-02,16:53:37,-07:00,2025-05-02T16:53:37-07:00,0,13
projects\projects.js,36,js,882ea6fe,srangan29,2025-05-02,16:53:37,-07:00,2025-05-02T16:53:37-07:00,0,15
projects\projects.js,37,js,882ea6fe,srangan29,2025-05-02,16:53:37,-07:00,2025-05-02T16:53:37-07:00,0,13
projects\projects.js,38,js,882ea6fe,srangan29,2025-05-02,16:53:37,-07:00,2025-05-02T16:53:37-07:00,0,1
projects\projects.js,39,js,882ea6fe,srangan29,2025-05-02,16:53:37,-07:00,2025-05-02T16:53:37-07:00,0,19
projects\projects.js,40,js,882ea6fe,srangan29,2025-05-02,16:53:37,-07:00,2025-05-02T16:53:37-07:00,0,51
projects\projects.js,41,js,eb4f8289,srangan29,2025-05-02,17:31:00,-07:00,2025-05-02T17:31:00-07:00,0,44
projects\projects.js,42,js,882ea6fe,srangan29,2025-05-02,16:53:37,-07:00,2025-05-02T16:53:37-07:00,0,2
projects\projects.js,43,js,882ea6fe,srangan29,2025-05-02,16:53:37,-07:00,2025-05-02T16:53:37-07:00,0,0
projects\projects.js,44,js,882ea6fe,srangan29,2025-05-02,16:53:37,-07:00,2025-05-02T16:53:37-07:00,0,51
projects\projects.js,45,js,882ea6fe,srangan29,2025-05-02,16:53:37,-07:00,2025-05-02T16:53:37-07:00,0,54
projects\projects.js,46,js,882ea6fe,srangan29,2025-05-02,16:53:37,-07:00,2025-05-02T16:53:37-07:00,0,43
projects\projects.js,47,js,882ea6fe,srangan29,2025-05-02,16:53:37,-07:00,2025-05-02T16:53:37-07:00,0,52
projects\projects.js,48,js,882ea6fe,srangan29,2025-05-02,16:53:37,-07:00,2025-05-02T16:53:37-07:00,0,34
projects\projects.js,49,js,aa2545b6,srangan29,2025-05-02,18:08:03,-07:00,2025-05-02T18:08:03-07:00,0,29
projects\projects.js,50,js,aa2545b6,srangan29,2025-05-02,18:08:03,-07:00,2025-05-02T18:08:03-07:00,0,33
projects\projects.js,51,js,b4905020,srangan29,2025-05-03,23:22:30,-07:00,2025-05-03T23:22:30-07:00,0,45
projects\projects.js,52,js,7a56b780,srangan29,2025-05-03,22:40:56,-07:00,2025-05-03T22:40:56-07:00,0,0
projects\projects.js,53,js,822fc6c7,srangan29,2025-05-09,12:33:26,-07:00,2025-05-09T12:33:26-07:00,0,48
projects\projects.js,54,js,eb4f8289,srangan29,2025-05-02,17:31:00,-07:00,2025-05-02T17:31:00-07:00,0,30
projects\projects.js,55,js,eb4f8289,srangan29,2025-05-02,17:31:00,-07:00,2025-05-02T17:31:00-07:00,0,15
projects\projects.js,56,js,eb4f8289,srangan29,2025-05-02,17:31:00,-07:00,2025-05-02T17:31:00-07:00,0,14
projects\projects.js,57,js,eb4f8289,srangan29,2025-05-02,17:31:00,-07:00,2025-05-02T17:31:00-07:00,0,14
projects\projects.js,58,js,eb4f8289,srangan29,2025-05-02,17:31:00,-07:00,2025-05-02T17:31:00-07:00,0,98
projects\projects.js,59,js,eb4f8289,srangan29,2025-05-02,17:31:00,-07:00,2025-05-02T17:31:00-07:00,0,1
projects\projects.js,60,js,eb4f8289,srangan29,2025-05-02,17:31:00,-07:00,2025-05-02T17:31:00-07:00,0,0
projects\projects.js,61,js,eb4f8289,srangan29,2025-05-02,17:31:00,-07:00,2025-05-02T17:31:00-07:00,0,33
projects\projects.js,62,js,eb4f8289,srangan29,2025-05-02,17:31:00,-07:00,2025-05-02T17:31:00-07:00,0,28
projects\projects.js,63,js,eb4f8289,srangan29,2025-05-02,17:31:00,-07:00,2025-05-02T17:31:00-07:00,0,5
projects\projects.js,64,js,eb4f8289,srangan29,2025-05-02,17:31:00,-07:00,2025-05-02T17:31:00-07:00,0,12
projects\projects.js,65,js,eb4f8289,srangan29,2025-05-02,17:31:00,-07:00,2025-05-02T17:31:00-07:00,0,94
projects\projects.js,66,js,eb4f8289,srangan29,2025-05-02,17:31:00,-07:00,2025-05-02T17:31:00-07:00,0,26
projects\projects.js,67,js,eb4f8289,srangan29,2025-05-02,17:31:00,-07:00,2025-05-02T17:31:00-07:00,0,100
projects\projects.js,68,js,eb4f8289,srangan29,2025-05-02,17:31:00,-07:00,2025-05-02T17:31:00-07:00,0,2
projects\projects.js,69,js,eb4f8289,srangan29,2025-05-02,17:31:00,-07:00,2025-05-02T17:31:00-07:00,0,0
projects\projects.js,70,js,882ea6fe,srangan29,2025-05-02,16:53:37,-07:00,2025-05-02T16:53:37-07:00,0,0
projects\projects.js,71,js,882ea6fe,srangan29,2025-05-02,16:53:37,-07:00,2025-05-02T16:53:37-07:00,0,0
projects\projects.js,72,js,882ea6fe,srangan29,2025-05-02,16:53:37,-07:00,2025-05-02T16:53:37-07:00,0,33
projects\projects.js,73,js,882ea6fe,srangan29,2025-05-02,16:53:37,-07:00,2025-05-02T16:53:37-07:00,0,24
projects\projects.js,74,js,882ea6fe,srangan29,2025-05-02,16:53:37,-07:00,2025-05-02T16:53:37-07:00,0,0
projects\projects.js,75,js,04e0347b,srangan29,2025-05-03,23:09:38,-07:00,2025-05-03T23:09:38-07:00,0,14
projects\projects.js,76,js,04e0347b,srangan29,2025-05-03,23:09:38,-07:00,2025-05-03T23:09:38-07:00,0,54
projects\projects.js,77,js,8d1687a2,srangan29,2025-05-03,23:47:32,-07:00,2025-05-03T23:47:32-07:00,0,49
projects\projects.js,78,js,04e0347b,srangan29,2025-05-03,23:09:38,-07:00,2025-05-03T23:09:38-07:00,0,20
projects\projects.js,79,js,04e0347b,srangan29,2025-05-03,23:09:38,-07:00,2025-05-03T23:09:38-07:00,0,26
projects\projects.js,80,js,04e0347b,srangan29,2025-05-03,23:09:38,-07:00,2025-05-03T23:09:38-07:00,0,17
projects\projects.js,81,js,04e0347b,srangan29,2025-05-03,23:09:38,-07:00,2025-05-03T23:09:38-07:00,0,52
projects\projects.js,82,js,04e0347b,srangan29,2025-05-03,23:09:38,-07:00,2025-05-03T23:09:38-07:00,0,60
projects\projects.js,83,js,04e0347b,srangan29,2025-05-03,23:09:38,-07:00,2025-05-03T23:09:38-07:00,0,43
projects\projects.js,84,js,04e0347b,srangan29,2025-05-03,23:09:38,-07:00,2025-05-03T23:09:38-07:00,0,2
projects\projects.js,85,js,04e0347b,srangan29,2025-05-03,23:09:38,-07:00,2025-05-03T23:09:38-07:00,0,26
projects\projects.js,86,js,882ea6fe,srangan29,2025-05-02,16:53:37,-07:00,2025-05-02T16:53:37-07:00,0,57
projects\projects.js,87,js,882ea6fe,srangan29,2025-05-02,16:53:37,-07:00,2025-05-02T16:53:37-07:00,0,32
projects\projects.js,88,js,aa2545b6,srangan29,2025-05-02,18:08:03,-07:00,2025-05-02T18:08:03-07:00,0,2
projects\projects.js,89,js,aa2545b6,srangan29,2025-05-02,18:08:03,-07:00,2025-05-02T18:08:03-07:00,0,0
projects\projects.js,90,js,921b9187,srangan29,2025-05-02,18:43:29,-07:00,2025-05-02T18:43:29-07:00,0,0
projects\projects.js,91,js,1e38c7da,srangan29,2025-05-03,23:31:51,-07:00,2025-05-03T23:31:51-07:00,0,22
projects\projects.js,92,js,1e38c7da,srangan29,2025-05-03,23:31:51,-07:00,2025-05-03T23:31:51-07:00,0,26
projects\projects.js,93,js,d3dc5cc6,srangan29,2025-05-09,13:03:14,-07:00,2025-05-09T13:03:14-07:00,0,34
projects\projects.js,94,js,aa2545b6,srangan29,2025-05-02,18:08:03,-07:00,2025-05-02T18:08:03-07:00,0,25
projects\projects.js,95,js,aa2545b6,srangan29,2025-05-02,18:08:03,-07:00,2025-05-02T18:08:03-07:00,0,2
projects\projects.js,96,js,aa2545b6,srangan29,2025-05-02,18:08:03,-07:00,2025-05-02T18:08:03-07:00,0,14
projects\projects.js,97,js,aa2545b6,srangan29,2025-05-02,18:08:03,-07:00,2025-05-02T18:08:03-07:00,0,14
projects\projects.js,98,js,aa2545b6,srangan29,2025-05-02,18:08:03,-07:00,2025-05-02T18:08:03-07:00,0,23
projects\projects.js,99,js,aa2545b6,srangan29,2025-05-02,18:08:03,-07:00,2025-05-02T18:08:03-07:00,0,19
projects\projects.js,100,js,921b9187,srangan29,2025-05-02,18:43:29,-07:00,2025-05-02T18:43:29-07:00,0,20
projects\projects.js,101,js,aa2545b6,srangan29,2025-05-02,18:08:03,-07:00,2025-05-02T18:08:03-07:00,0,44
projects\projects.js,102,js,aa2545b6,srangan29,2025-05-02,18:08:03,-07:00,2025-05-02T18:08:03-07:00,0,0
projects\projects.js,103,js,aa2545b6,srangan29,2025-05-02,18:08:03,-07:00,2025-05-02T18:08:03-07:00,0,2
projects\projects.js,104,js,aa2545b6,srangan29,2025-05-02,18:08:03,-07:00,2025-05-02T18:08:03-07:00,0,17
projects\projects.js,105,js,aa2545b6,srangan29,2025-05-02,18:08:03,-07:00,2025-05-02T18:08:03-07:00,0,27
projects\projects.js,106,js,aa2545b6,srangan29,2025-05-02,18:08:03,-07:00,2025-05-02T18:08:03-07:00,0,69
projects\projects.js,107,js,921b9187,srangan29,2025-05-02,18:43:29,-07:00,2025-05-02T18:43:29-07:00,0,38
projects\projects.js,108,js,921b9187,srangan29,2025-05-02,18:43:29,-07:00,2025-05-02T18:43:29-07:00,0,2
projects\projects.js,109,js,822fc6c7,srangan29,2025-05-09,12:33:26,-07:00,2025-05-09T12:33:26-07:00,0,33
projects\projects.js,110,js,921b9187,srangan29,2025-05-02,18:43:29,-07:00,2025-05-02T18:43:29-07:00,0,5
projects\projects.js,111,js,921b9187,srangan29,2025-05-02,18:43:29,-07:00,2025-05-02T18:43:29-07:00,0,15
projects\projects.js,112,js,921b9187,srangan29,2025-05-02,18:43:29,-07:00,2025-05-02T18:43:29-07:00,0,27
projects\projects.js,113,js,921b9187,srangan29,2025-05-02,18:43:29,-07:00,2025-05-02T18:43:29-07:00,0,66
projects\projects.js,114,js,921b9187,srangan29,2025-05-02,18:43:29,-07:00,2025-05-02T18:43:29-07:00,0,38
projects\projects.js,115,js,aa2545b6,srangan29,2025-05-02,18:08:03,-07:00,2025-05-02T18:08:03-07:00,0,2
projects\projects.js,116,js,4fe6d391,srangan29,2025-05-02,19:03:11,-07:00,2025-05-02T19:03:11-07:00,0,0
projects\projects.js,117,js,921b9187,srangan29,2025-05-02,18:43:29,-07:00,2025-05-02T18:43:29-07:00,0,26
projects\projects.js,118,js,921b9187,srangan29,2025-05-02,18:43:29,-07:00,2025-05-02T18:43:29-07:00,0,49
projects\projects.js,119,js,921b9187,srangan29,2025-05-02,18:43:29,-07:00,2025-05-02T18:43:29-07:00,0,7
projects\projects.js,120,js,921b9187,srangan29,2025-05-02,18:43:29,-07:00,2025-05-02T18:43:29-07:00,0,53
projects\projects.js,121,js,921b9187,srangan29,2025-05-02,18:43:29,-07:00,2025-05-02T18:43:29-07:00,0,32
projects\projects.js,122,js,822fc6c7,srangan29,2025-05-09,12:33:26,-07:00,2025-05-09T12:33:26-07:00,0,44
projects\projects.js,123,js,1e38c7da,srangan29,2025-05-03,23:31:51,-07:00,2025-05-03T23:31:51-07:00,0,52
projects\projects.js,124,js,822fc6c7,srangan29,2025-05-09,12:33:26,-07:00,2025-05-09T12:33:26-07:00,0,36
projects\projects.js,125,js,822fc6c7,srangan29,2025-05-09,12:33:26,-07:00,2025-05-09T12:33:26-07:00,0,62
projects\projects.js,126,js,822fc6c7,srangan29,2025-05-09,12:33:26,-07:00,2025-05-09T12:33:26-07:00,0,39
projects\projects.js,127,js,1e38c7da,srangan29,2025-05-03,23:31:51,-07:00,2025-05-03T23:31:51-07:00,0,2
projects\projects.js,128,js,98d2b639,srangan29,2025-05-02,18:57:00,-07:00,2025-05-02T18:57:00-07:00,0,57
projects\projects.js,129,js,921b9187,srangan29,2025-05-02,18:43:29,-07:00,2025-05-02T18:43:29-07:00,0,0
projects\projects.js,130,js,aa2545b6,srangan29,2025-05-02,18:08:03,-07:00,2025-05-02T18:08:03-07:00,0,2
projects\projects.js,131,js,822fc6c7,srangan29,2025-05-09,12:33:26,-07:00,2025-05-09T12:33:26-07:00,0,2
projects\index.html,1,html,a1d0ff98,srangan29,2025-04-02,20:53:19,-07:00,2025-04-02T20:53:19-07:00,0,14
projects\index.html,2,html,a1d0ff98,srangan29,2025-04-02,20:53:19,-07:00,2025-04-02T20:53:19-07:00,0,15
projects\index.html,3,html,a1d0ff98,srangan29,2025-04-02,20:53:19,-07:00,2025-04-02T20:53:19-07:00,0,5
projects\index.html,4,html,a1d0ff98,srangan29,2025-04-02,20:53:19,-07:00,2025-04-02T20:53:19-07:00,0,21
projects\index.html,5,html,a1d0ff98,srangan29,2025-04-02,20:53:19,-07:00,2025-04-02T20:53:19-07:00,0,69
projects\index.html,6,html,a1d0ff98,srangan29,2025-04-02,20:53:19,-07:00,2025-04-02T20:53:19-07:00,0,22
projects\index.html,7,html,926e00f8,srangan29,2025-04-03,15:55:06,-07:00,2025-04-03T15:55:06-07:00,0,43
projects\index.html,8,html,a9b0f166,srangan29,2025-04-12,20:05:54,-07:00,2025-04-12T20:05:54-07:00,0,49
projects\index.html,9,html,a54b97cb,srangan29,2025-04-25,11:33:59,-07:00,2025-04-25T11:33:59-07:00,0,48
projects\index.html,10,html,a1d0ff98,srangan29,2025-04-02,20:53:19,-07:00,2025-04-02T20:53:19-07:00,0,6
projects\index.html,11,html,a1d0ff98,srangan29,2025-04-02,20:53:19,-07:00,2025-04-02T20:53:19-07:00,0,5
projects\index.html,12,html,a1d0ff98,srangan29,2025-04-02,20:53:19,-07:00,2025-04-02T20:53:19-07:00,0,19
projects\index.html,13,html,227139ce,srangan29,2025-05-02,13:14:01,-07:00,2025-05-02T13:14:01-07:00,0,22
projects\index.html,14,html,de758f79,srangan29,2025-05-02,12:45:34,-07:00,2025-05-02T12:45:34-07:00,0,59
projects\index.html,15,html,de758f79,srangan29,2025-05-02,12:45:34,-07:00,2025-05-02T12:45:34-07:00,0,23
projects\index.html,16,html,227139ce,srangan29,2025-05-02,13:14:01,-07:00,2025-05-02T13:14:01-07:00,0,5
projects\index.html,17,html,7c9e2743,srangan29,2025-05-02,16:10:42,-07:00,2025-05-02T16:10:42-07:00,0,5
projects\index.html,18,html,7c9e2743,srangan29,2025-05-02,16:10:42,-07:00,2025-05-02T16:10:42-07:00,0,16
projects\index.html,19,html,7c9e2743,srangan29,2025-05-02,16:10:42,-07:00,2025-05-02T16:10:42-07:00,0,12
projects\index.html,20,html,7c9e2743,srangan29,2025-05-02,16:10:42,-07:00,2025-05-02T16:10:42-07:00,0,27
projects\index.html,21,html,7c9e2743,srangan29,2025-05-02,16:10:42,-07:00,2025-05-02T16:10:42-07:00,0,32
projects\index.html,22,html,7c9e2743,srangan29,2025-05-02,16:10:42,-07:00,2025-05-02T16:10:42-07:00,0,1
projects\index.html,23,html,b9316775,srangan29,2025-04-06,21:05:03,-07:00,2025-04-06T21:05:03-07:00,0,21
projects\index.html,24,html,b9316775,srangan29,2025-04-06,21:05:03,-07:00,2025-04-06T21:05:03-07:00,0,30
projects\index.html,25,html,b9316775,srangan29,2025-04-06,21:05:03,-07:00,2025-04-06T21:05:03-07:00,0,71
projects\index.html,26,html,b9316775,srangan29,2025-04-06,21:05:03,-07:00,2025-04-06T21:05:03-07:00,0,224
projects\index.html,27,html,a54b97cb,srangan29,2025-04-25,11:33:59,-07:00,2025-04-25T11:33:59-07:00,0,0
projects\index.html,28,html,b9316775,srangan29,2025-04-06,21:05:03,-07:00,2025-04-06T21:05:03-07:00,0,39
projects\index.html,29,html,b9316775,srangan29,2025-04-06,21:05:03,-07:00,2025-04-06T21:05:03-07:00,0,71
projects\index.html,30,html,b9316775,srangan29,2025-04-06,21:05:03,-07:00,2025-04-06T21:05:03-07:00,0,229
projects\index.html,31,html,a54b97cb,srangan29,2025-04-25,11:33:59,-07:00,2025-04-25T11:33:59-07:00,0,0
projects\index.html,32,html,b9316775,srangan29,2025-04-06,21:05:03,-07:00,2025-04-06T21:05:03-07:00,0,36
projects\index.html,33,html,b9316775,srangan29,2025-04-06,21:05:03,-07:00,2025-04-06T21:05:03-07:00,0,71
projects\index.html,34,html,b9316775,srangan29,2025-04-06,21:05:03,-07:00,2025-04-06T21:05:03-07:00,0,227
projects\index.html,35,html,a54b97cb,srangan29,2025-04-25,11:33:59,-07:00,2025-04-25T11:33:59-07:00,0,0
projects\index.html,36,html,b9316775,srangan29,2025-04-06,21:05:03,-07:00,2025-04-06T21:05:03-07:00,0,43
projects\index.html,37,html,b9316775,srangan29,2025-04-06,21:05:03,-07:00,2025-04-06T21:05:03-07:00,0,71
projects\index.html,38,html,b9316775,srangan29,2025-04-06,21:05:03,-07:00,2025-04-06T21:05:03-07:00,0,230
projects\index.html,39,html,a54b97cb,srangan29,2025-04-25,11:33:59,-07:00,2025-04-25T11:33:59-07:00,0,0
projects\index.html,40,html,b9316775,srangan29,2025-04-06,21:05:03,-07:00,2025-04-06T21:05:03-07:00,0,43
projects\index.html,41,html,b9316775,srangan29,2025-04-06,21:05:03,-07:00,2025-04-06T21:05:03-07:00,0,71
projects\index.html,42,html,b9316775,srangan29,2025-04-06,21:05:03,-07:00,2025-04-06T21:05:03-07:00,0,233
projects\index.html,43,html,a54b97cb,srangan29,2025-04-25,11:33:59,-07:00,2025-04-25T11:33:59-07:00,0,0
projects\index.html,44,html,b9316775,srangan29,2025-04-06,21:05:03,-07:00,2025-04-06T21:05:03-07:00,0,38
projects\index.html,45,html,b9316775,srangan29,2025-04-06,21:05:03,-07:00,2025-04-06T21:05:03-07:00,0,71
projects\index.html,46,html,b9316775,srangan29,2025-04-06,21:05:03,-07:00,2025-04-06T21:05:03-07:00,0,234
projects\index.html,47,html,a54b97cb,srangan29,2025-04-25,11:33:59,-07:00,2025-04-25T11:33:59-07:00,0,0
projects\index.html,48,html,b9316775,srangan29,2025-04-06,21:05:03,-07:00,2025-04-06T21:05:03-07:00,0,32
projects\index.html,49,html,b9316775,srangan29,2025-04-06,21:05:03,-07:00,2025-04-06T21:05:03-07:00,0,71
projects\index.html,50,html,b9316775,srangan29,2025-04-06,21:05:03,-07:00,2025-04-06T21:05:03-07:00,0,229
projects\index.html,51,html,a54b97cb,srangan29,2025-04-25,11:33:59,-07:00,2025-04-25T11:33:59-07:00,0,0
projects\index.html,52,html,b9316775,srangan29,2025-04-06,21:05:03,-07:00,2025-04-06T21:05:03-07:00,0,46
projects\index.html,53,html,b9316775,srangan29,2025-04-06,21:05:03,-07:00,2025-04-06T21:05:03-07:00,0,71
projects\index.html,54,html,b9316775,srangan29,2025-04-06,21:05:03,-07:00,2025-04-06T21:05:03-07:00,0,254
projects\index.html,55,html,a54b97cb,srangan29,2025-04-25,11:33:59,-07:00,2025-04-25T11:33:59-07:00,0,0
projects\index.html,56,html,b9316775,srangan29,2025-04-06,21:05:03,-07:00,2025-04-06T21:05:03-07:00,0,33
projects\index.html,57,html,b9316775,srangan29,2025-04-06,21:05:03,-07:00,2025-04-06T21:05:03-07:00,0,71
projects\index.html,58,html,b9316775,srangan29,2025-04-06,21:05:03,-07:00,2025-04-06T21:05:03-07:00,0,226
projects\index.html,59,html,a54b97cb,srangan29,2025-04-25,11:33:59,-07:00,2025-04-25T11:33:59-07:00,0,0
projects\index.html,60,html,b9316775,srangan29,2025-04-06,21:05:03,-07:00,2025-04-06T21:05:03-07:00,0,35
projects\index.html,61,html,b9316775,srangan29,2025-04-06,21:05:03,-07:00,2025-04-06T21:05:03-07:00,0,71
projects\index.html,62,html,b9316775,srangan29,2025-04-06,21:05:03,-07:00,2025-04-06T21:05:03-07:00,0,206
projects\index.html,63,html,a54b97cb,srangan29,2025-04-25,11:33:59,-07:00,2025-04-25T11:33:59-07:00,0,0
projects\index.html,64,html,b9316775,srangan29,2025-04-06,21:05:03,-07:00,2025-04-06T21:05:03-07:00,0,36
projects\index.html,65,html,b9316775,srangan29,2025-04-06,21:05:03,-07:00,2025-04-06T21:05:03-07:00,0,71
projects\index.html,66,html,b9316775,srangan29,2025-04-06,21:05:03,-07:00,2025-04-06T21:05:03-07:00,0,241
projects\index.html,67,html,a54b97cb,srangan29,2025-04-25,11:33:59,-07:00,2025-04-25T11:33:59-07:00,0,0
projects\index.html,68,html,b9316775,srangan29,2025-04-06,21:05:03,-07:00,2025-04-06T21:05:03-07:00,0,38
projects\index.html,69,html,b9316775,srangan29,2025-04-06,21:05:03,-07:00,2025-04-06T21:05:03-07:00,0,71
projects\index.html,70,html,b9316775,srangan29,2025-04-06,21:05:03,-07:00,2025-04-06T21:05:03-07:00,0,233
projects\index.html,71,html,b9316775,srangan29,2025-04-06,21:05:03,-07:00,2025-04-06T21:05:03-07:00,0,5
projects\index.html,72,html,a1d0ff98,srangan29,2025-04-02,20:53:19,-07:00,2025-04-02T20:53:19-07:00,0,6
projects\index.html,73,html,a1d0ff98,srangan29,2025-04-02,20:53:19,-07:00,2025-04-02T20:53:19-07:00,0,6
contact\index.html,1,html,a1d0ff98,srangan29,2025-04-02,20:53:19,-07:00,2025-04-02T20:53:19-07:00,0,14
contact\index.html,2,html,a1d0ff98,srangan29,2025-04-02,20:53:19,-07:00,2025-04-02T20:53:19-07:00,0,15
contact\index.html,3,html,a1d0ff98,srangan29,2025-04-02,20:53:19,-07:00,2025-04-02T20:53:19-07:00,0,5
contact\index.html,4,html,a1d0ff98,srangan29,2025-04-02,20:53:19,-07:00,2025-04-02T20:53:19-07:00,0,21
contact\index.html,5,html,a1d0ff98,srangan29,2025-04-02,20:53:19,-07:00,2025-04-02T20:53:19-07:00,0,69
contact\index.html,6,html,a1d0ff98,srangan29,2025-04-02,20:53:19,-07:00,2025-04-02T20:53:19-07:00,0,21
contact\index.html,7,html,926e00f8,srangan29,2025-04-03,15:55:06,-07:00,2025-04-03T15:55:06-07:00,0,43
contact\index.html,8,html,a9b0f166,srangan29,2025-04-12,20:05:54,-07:00,2025-04-12T20:05:54-07:00,0,49
contact\index.html,9,html,a1d0ff98,srangan29,2025-04-02,20:53:19,-07:00,2025-04-02T20:53:19-07:00,0,6
contact\index.html,10,html,a1d0ff98,srangan29,2025-04-02,20:53:19,-07:00,2025-04-02T20:53:19-07:00,0,5
contact\index.html,11,html,ef32b247,srangan29,2025-04-12,20:27:33,-07:00,2025-04-12T20:27:33-07:00,0,0
contact\index.html,12,html,a1d0ff98,srangan29,2025-04-02,20:53:19,-07:00,2025-04-02T20:53:19-07:00,0,19
contact\index.html,13,html,07700f40,srangan29,2025-04-02,21:07:05,-07:00,2025-04-02T21:07:05-07:00,0,99
contact\index.html,14,html,96898dae,srangan29,2025-04-02,21:13:14,-07:00,2025-04-02T21:13:14-07:00,0,155
contact\index.html,15,html,a1d0ff98,srangan29,2025-04-02,20:53:19,-07:00,2025-04-02T20:53:19-07:00,0,6
contact\index.html,16,html,a1d0ff98,srangan29,2025-04-02,20:53:19,-07:00,2025-04-02T20:53:19-07:00,0,6
